{"cameraMode":{"drawMode":0,"name":"Shaded","section":"Shading Mode"},"sceneLighting":false,"audioPlay":false,"sceneViewState":{"showFog":true,"showMaterialUpdate":false,"showSkybox":false,"showFlares":true,"showImageEffects":true,"showParticleSystems":true},"in2DMode":false,"pivot":{"x":-2.703000068664551,"y":0.2210296094417572,"z":-0.2710222601890564},"rotation":{"x":-0.11024414002895355,"y":0.6691954731941223,"z":-0.10134490579366684,"w":-0.7278831601142883},"size":1.2440299987792969,"orthographic":false}