{"cameraMode":{"drawMode":0,"name":"Shaded","section":"Shading Mode"},"sceneLighting":false,"audioPlay":false,"sceneViewState":{"showFog":true,"showMaterialUpdate":false,"showSkybox":false,"showFlares":true,"showImageEffects":true,"showParticleSystems":true},"in2DMode":false,"pivot":{"x":2.430000066757202,"y":-0.029187969863414766,"z":0.18000000715255738},"rotation":{"x":-0.34282422065734866,"y":-0.34431466460227969,"z":0.13753056526184083,"w":-0.8632357120513916},"size":1.7864649295806885,"orthographic":false}