{"cameraMode":{"drawMode":0,"name":"Shaded","section":"Shading Mode"},"sceneLighting":true,"audioPlay":false,"sceneViewState":{"showFog":true,"showMaterialUpdate":false,"showSkybox":true,"showFlares":true,"showImageEffects":true,"showParticleSystems":true},"in2DMode":false,"pivot":{"x":0.6068248748779297,"y":0.3799999952316284,"z":3.311225414276123},"rotation":{"x":-0.16226880252361298,"y":0.7564828395843506,"z":-0.20473550260066987,"w":-0.5995718836784363},"size":10.838982582092286,"orthographic":false}