{"cameraMode":{"drawMode":0,"name":"Shaded","section":"Shading Mode"},"sceneLighting":false,"audioPlay":false,"sceneViewState":{"showFog":true,"showMaterialUpdate":false,"showSkybox":false,"showFlares":true,"showImageEffects":true,"showParticleSystems":true},"in2DMode":false,"pivot":{"x":-8.770000457763672,"y":-0.02918827533721924,"z":15.139999389648438},"rotation":{"x":-0.24999253451824189,"y":-0.4306182563304901,"z":0.1261974275112152,"w":-0.8580905795097351},"size":116.777587890625,"orthographic":false}