{"cameraMode":{"drawMode":0,"name":"Shaded","section":"Shading Mode"},"sceneLighting":true,"audioPlay":false,"sceneViewState":{"showFog":true,"showMaterialUpdate":false,"showSkybox":true,"showFlares":true,"showImageEffects":true,"showParticleSystems":true},"in2DMode":false,"pivot":{"x":5.0806884765625,"y":0.3824100196361542,"z":-0.2690223157405853},"rotation":{"x":-0.04389384761452675,"y":0.7420285940170288,"z":-0.6671469211578369,"w":-0.04882092401385307},"size":7.990416526794434,"orthographic":false}