{"cameraMode":{"drawMode":0,"name":"Shaded","section":"Shading Mode"},"sceneLighting":false,"audioPlay":false,"sceneViewState":{"showFog":true,"showMaterialUpdate":false,"showSkybox":false,"showFlares":true,"showImageEffects":true,"showParticleSystems":true},"in2DMode":false,"pivot":{"x":0.6068248748779297,"y":0.3799999952316284,"z":3.311225414276123},"rotation":{"x":-0.05082223191857338,"y":0.839888870716095,"z":-0.07986880838871002,"w":-0.5344390273094177},"size":2.8578836917877199,"orthographic":false}