{"cameraMode":{"drawMode":0,"name":"Shaded","section":"Shading Mode"},"sceneLighting":false,"audioPlay":false,"sceneViewState":{"showFog":true,"showMaterialUpdate":false,"showSkybox":false,"showFlares":true,"showImageEffects":true,"showParticleSystems":true},"in2DMode":false,"pivot":{"x":-2.703000068664551,"y":0.2210296094417572,"z":-0.2710222601890564},"rotation":{"x":-0.09531326591968537,"y":0.4691244959831238,"z":-0.05100176855921745,"w":-0.8765271306037903},"size":3.044029712677002,"orthographic":false}