{"cameraMode":{"drawMode":0,"name":"Shaded","section":"Shading Mode"},"sceneLighting":false,"audioPlay":false,"sceneViewState":{"showFog":true,"showMaterialUpdate":false,"showSkybox":false,"showFlares":true,"showImageEffects":true,"showParticleSystems":true},"in2DMode":false,"pivot":{"x":-12.329999923706055,"y":0.08088445663452149,"z":7.769999980926514},"rotation":{"x":-0.5020198225975037,"y":0.49780747294425967,"z":-0.509300947189331,"w":-0.49069109559059145},"size":8.26126766204834,"orthographic":false}