{"cameraMode":{"drawMode":0,"name":"Shaded","section":"Shading Mode"},"sceneLighting":true,"audioPlay":false,"sceneViewState":{"showFog":true,"showMaterialUpdate":false,"showSkybox":true,"showFlares":true,"showImageEffects":true,"showParticleSystems":true},"in2DMode":false,"pivot":{"x":-2.175164222717285,"y":-2.629378318786621,"z":6.466385364532471},"rotation":{"x":-0.3449229598045349,"y":0.4500163793563843,"z":-0.19388648867607118,"w":-0.8005762100219727},"size":20.22369956970215,"orthographic":false}