{"cameraMode":{"drawMode":0,"name":"Shaded","section":"Shading Mode"},"sceneLighting":false,"audioPlay":false,"sceneViewState":{"showFog":true,"showMaterialUpdate":false,"showSkybox":false,"showFlares":true,"showImageEffects":true,"showParticleSystems":true},"in2DMode":false,"pivot":{"x":0.6068248748779297,"y":0.3799999952316284,"z":3.311225414276123},"rotation":{"x":-0.1540411114692688,"y":0.5149927139282227,"z":-0.094675712287426,"w":-0.8379091620445252},"size":2.8578836917877199,"orthographic":false}