{"cameraMode":{"drawMode":0,"name":"Shaded","section":"Shading Mode"},"sceneLighting":true,"audioPlay":false,"sceneViewState":{"showFog":true,"showMaterialUpdate":false,"showSkybox":true,"showFlares":true,"showImageEffects":true,"showParticleSystems":true},"in2DMode":false,"pivot":{"x":-24.24864387512207,"y":0.0025000732857733967,"z":14.884209632873536},"rotation":{"x":-0.6729727387428284,"y":0.011533581651747227,"z":-0.010502955876290799,"w":-0.7395341396331787},"size":42.0704345703125,"orthographic":false}