{"cameraMode":{"drawMode":0,"name":"Shaded","section":"Shading Mode"},"sceneLighting":true,"audioPlay":false,"sceneViewState":{"showFog":true,"showMaterialUpdate":false,"showSkybox":true,"showFlares":true,"showImageEffects":true,"showParticleSystems":true},"in2DMode":false,"pivot":{"x":8.131803512573243,"y":-7.388341903686523,"z":-2.0379133224487306},"rotation":{"x":-0.6168946623802185,"y":0.007553985342383385,"z":-0.005923680029809475,"w":-0.787014901638031},"size":48.01410675048828,"orthographic":false}