{"cameraMode":{"drawMode":0,"name":"Shaded","section":"Shading Mode"},"sceneLighting":false,"audioPlay":false,"sceneViewState":{"showFog":true,"showMaterialUpdate":false,"showSkybox":false,"showFlares":true,"showImageEffects":true,"showParticleSystems":true},"in2DMode":false,"pivot":{"x":7.289999961853027,"y":-0.02918827533721924,"z":-1.5999999046325684},"rotation":{"x":-0.44125455617904665,"y":0.05163532495498657,"z":-0.02544795349240303,"w":-0.8955415487289429},"size":2.8578836917877199,"orthographic":false}